1,,Lior Shlein,Consfiracy of,17/05/2009 12:00:00 AM
8567,,Yogev Poren,Ginues,27/03/2003 12:00:00 AM
56,,Arthur Conan Doyle,Poo Hadov,20/04/1887 12:00:00 AM
2,,Oda,One Piece,24/03/2008 12:00:00 AM
7101,,Lev Tolstoy,War and Pease,17/05/1962 12:00:00 AM
7102,,O'Henry,Novells,17/12/1932 12:00:00 AM
7103,,Arthur Heily,Hotel,17/11/1999 12:00:00 AM
1,,Marcel Proust,In Search of Lost Time,17/05/2009 12:00:00 AM
2,,Miguel de Cervantes,Miguel de Cervantes,2/03/1605 12:00:00 AM
3,,Gabriel Garcia Marquez,One Hundred Years of Solitude,5/07/2013 12:00:00 AM
4,,Leo Tolstoy,War and Peace,15/05/1980 12:00:00 AM
5,,Fyodor Dostoyevsky,Crime and Punishment,17/05/1993 12:00:00 AM
987,,Mozes,Efshar Gam Bly Qavier,1/02/1947 12:00:00 AM
964,,Ariel Naim,My First Book,24/05/2007 12:00:00 AM
864,,Haim Mosh,Ein li Shem Amiti,11/11/1985 12:00:00 AM
653,,Gady Halper,My New Car,21/10/2021 12:00:00 AM
12,123,ori,tiko,7/11/2021 10:43:08 PM
